{
  "database_name": "TERADATA-FI",
  "server": "aqsqlserver001.database.windows.net",
  "tables": {
    "dim.DimApplicationStatus": [
      {
        "name": "StatusKey",
        "type": "int",
        "nullable": false,
        "is_primary_key": true
      },
      {
        "name": "StatusCode",
        "type": "varchar",
        "nullable": false,
        "max_length": 20
      },
      {
        "name": "StatusName",
        "type": "varchar",
        "nullable": false,
        "max_length": 100
      },
      {
        "name": "StatusCategory",
        "type": "varchar",
        "nullable": true,
        "max_length": 50
      },
      {
        "name": "IsActive",
        "type": "bit",
        "nullable": false,
        "default": "((1))"
      },
      {
        "name": "IsTerminal",
        "type": "bit",
        "nullable": false,
        "default": "((0))"
      },
      {
        "name": "SortOrder",
        "type": "int",
        "nullable": true
      },
      {
        "name": "CreatedDate",
        "type": "datetime2",
        "nullable": false,
        "default": "(getdate())"
      }
    ],
    "dim.DimCollateralType": [
      {
        "name": "CollateralTypeKey",
        "type": "int",
        "nullable": false,
        "is_primary_key": true
      },
      {
        "name": "CollateralTypeId",
        "type": "varchar",
        "nullable": false,
        "max_length": 20
      },
      {
        "name": "CollateralCategory",
        "type": "varchar",
        "nullable": true,
        "max_length": 100
      },
      {
        "name": "CollateralType",
        "type": "varchar",
        "nullable": false,
        "max_length": 200
      },
      {
        "name": "CollateralDescription",
        "type": "nvarchar",
        "nullable": true,
        "max_length": 500
      },
      {
        "name": "TypicalLTV",
        "type": "decimal",
        "nullable": true
      },
      {
        "name": "RequiresAppraisal",
        "type": "bit",
        "nullable": false,
        "default": "((0))"
      },
      {
        "name": "AppraisalFrequencyMonths",
        "type": "int",
        "nullable": true
      },
      {
        "name": "CreatedDate",
        "type": "datetime2",
        "nullable": false,
        "default": "(getdate())"
      }
    ],
    "dim.DimCovenantType": [
      {
        "name": "CovenantTypeKey",
        "type": "int",
        "nullable": false,
        "is_primary_key": true
      },
      {
        "name": "CovenantCategory",
        "type": "varchar",
        "nullable": true,
        "max_length": 100
      },
      {
        "name": "CovenantName",
        "type": "varchar",
        "nullable": false,
        "max_length": 200
      },
      {
        "name": "CovenantDescription",
        "type": "nvarchar",
        "nullable": true,
        "max_length": 1000
      },
      {
        "name": "TestFrequency",
        "type": "varchar",
        "nullable": true,
        "max_length": 50
      },
      {
        "name": "ThresholdType",
        "type": "varchar",
        "nullable": true,
        "max_length": 50
      },
      {
        "name": "DefaultSeverity",
        "type": "varchar",
        "nullable": true,
        "max_length": 50
      },
      {
        "name": "CreatedDate",
        "type": "datetime2",
        "nullable": false,
        "default": "(getdate())"
      }
    ],
    "dim.DimCustomer": [
      {
        "name": "CustomerKey",
        "type": "int",
        "nullable": false,
        "is_primary_key": true
      },
      {
        "name": "CustomerId",
        "type": "varchar",
        "nullable": false,
        "max_length": 20
      },
      {
        "name": "CompanyName",
        "type": "nvarchar",
        "nullable": false,
        "max_length": 200
      },
      {
        "name": "TaxId",
        "type": "varchar",
        "nullable": true,
        "max_length": 50
      },
      {
        "name": "LegalEntityType",
        "type": "varchar",
        "nullable": true,
        "max_length": 50
      },
      {
        "name": "YearFounded",
        "type": "int",
        "nullable": true
      },
      {
        "name": "EmployeeCount",
        "type": "int",
        "nullable": true
      },
      {
        "name": "AnnualRevenue",
        "type": "decimal",
        "nullable": true
      },
      {
        "name": "PrimaryIndustryId",
        "type": "int",
        "nullable": true
      },
      {
        "name": "PrimarySICCode",
        "type": "varchar",
        "nullable": true,
        "max_length": 10
      },
      {
        "name": "PrimaryNAICSCode",
        "type": "varchar",
        "nullable": true,
        "max_length": 10
      },
      {
        "name": "CreditRating_SP",
        "type": "varchar",
        "nullable": true,
        "max_length": 10
      },
      {
        "name": "CreditRating_Moody",
        "type": "varchar",
        "nullable": true,
        "max_length": 10
      },
      {
        "name": "CreditRating_Fitch",
        "type": "varchar",
        "nullable": true,
        "max_length": 10
      },
      {
        "name": "InternalRiskRating",
        "type": "varchar",
        "nullable": true,
        "max_length": 10
      },
      {
        "name": "RelationshipManagerId",
        "type": "int",
        "nullable": true
      },
      {
        "name": "CustomerSegment",
        "type": "varchar",
        "nullable": true,
        "max_length": 50
      },
      {
        "name": "CustomerTier",
        "type": "varchar",
        "nullable": true,
        "max_length": 20
      },
      {
        "name": "TotalLoansCount",
        "type": "int",
        "nullable": false,
        "default": "((0))"
      },
      {
        "name": "TotalLoanVolume",
        "type": "decimal",
        "nullable": false,
        "default": "((0))"
      },
      {
        "name": "LifetimeRevenue",
        "type": "decimal",
        "nullable": false,
        "default": "((0))"
      },
      {
        "name": "DefaultCount",
        "type": "int",
        "nullable": false,
        "default": "((0))"
      },
      {
        "name": "IsActive",
        "type": "bit",
        "nullable": false,
        "default": "((1))"
      },
      {
        "name": "IsHighRisk",
        "type": "bit",
        "nullable": false,
        "default": "((0))"
      },
      {
        "name": "IsVIP",
        "type": "bit",
        "nullable": false,
        "default": "((0))"
      },
      {
        "name": "EffectiveDate",
        "type": "date",
        "nullable": false
      },
      {
        "name": "EndDate",
        "type": "date",
        "nullable": true
      },
      {
        "name": "IsCurrent",
        "type": "bit",
        "nullable": false,
        "default": "((1))"
      },
      {
        "name": "CreatedDate",
        "type": "datetime2",
        "nullable": false,
        "default": "(getdate())"
      },
      {
        "name": "ModifiedDate",
        "type": "datetime2",
        "nullable": false,
        "default": "(getdate())"
      }
    ],
    "dim.DimDate": [
      {
        "name": "DateKey",
        "type": "int",
        "nullable": false,
        "is_primary_key": true
      },
      {
        "name": "Date",
        "type": "date",
        "nullable": false
      },
      {
        "name": "Year",
        "type": "int",
        "nullable": false
      },
      {
        "name": "Quarter",
        "type": "int",
        "nullable": false
      },
      {
        "name": "Month",
        "type": "int",
        "nullable": false
      },
      {
        "name": "MonthName",
        "type": "varchar",
        "nullable": false,
        "max_length": 20
      },
      {
        "name": "Week",
        "type": "int",
        "nullable": false
      },
      {
        "name": "DayOfYear",
        "type": "int",
        "nullable": false
      },
      {
        "name": "DayOfMonth",
        "type": "int",
        "nullable": false
      },
      {
        "name": "DayOfWeek",
        "type": "int",
        "nullable": false
      },
      {
        "name": "DayName",
        "type": "varchar",
        "nullable": false,
        "max_length": 20
      },
      {
        "name": "IsWeekend",
        "type": "bit",
        "nullable": false,
        "default": "((0))"
      },
      {
        "name": "IsHoliday",
        "type": "bit",
        "nullable": false,
        "default": "((0))"
      },
      {
        "name": "HolidayName",
        "type": "varchar",
        "nullable": true,
        "max_length": 100
      },
      {
        "name": "IsQuarterEnd",
        "type": "bit",
        "nullable": false,
        "default": "((0))"
      },
      {
        "name": "IsYearEnd",
        "type": "bit",
        "nullable": false,
        "default": "((0))"
      },
      {
        "name": "IsMonthEnd",
        "type": "bit",
        "nullable": false,
        "default": "((0))"
      },
      {
        "name": "FiscalYear",
        "type": "int",
        "nullable": false
      },
      {
        "name": "FiscalQuarter",
        "type": "int",
        "nullable": false
      },
      {
        "name": "FiscalMonth",
        "type": "int",
        "nullable": false
      },
      {
        "name": "PriorDay",
        "type": "date",
        "nullable": true
      },
      {
        "name": "PriorWeek",
        "type": "date",
        "nullable": true
      },
      {
        "name": "PriorMonth",
        "type": "date",
        "nullable": true
      },
      {
        "name": "PriorQuarter",
        "type": "date",
        "nullable": true
      },
      {
        "name": "PriorYear",
        "type": "date",
        "nullable": true
      },
      {
        "name": "CreatedDate",
        "type": "datetime2",
        "nullable": false,
        "default": "(getdate())"
      }
    ],
    "dim.DimDelinquencyStatus": [
      {
        "name": "DelinquencyStatusKey",
        "type": "int",
        "nullable": false,
        "is_primary_key": true
      },
      {
        "name": "StatusCode",
        "type": "varchar",
        "nullable": false,
        "max_length": 20
      },
      {
        "name": "StatusName",
        "type": "varchar",
        "nullable": false,
        "max_length": 100
      },
      {
        "name": "MinDaysDelinquent",
        "type": "int",
        "nullable": false
      },
      {
        "name": "MaxDaysDelinquent",
        "type": "int",
        "nullable": false
      },
      {
        "name": "IsPerforming",
        "type": "bit",
        "nullable": false,
        "default": "((1))"
      },
      {
        "name": "IsNonPerforming",
        "type": "bit",
        "nullable": false,
        "default": "((0))"
      },
      {
        "name": "RequiresRestructuring",
        "type": "bit",
        "nullable": false,
        "default": "((0))"
      },
      {
        "name": "CreatedDate",
        "type": "datetime2",
        "nullable": false,
        "default": "(getdate())"
      }
    ],
    "dim.DimIndustry": [
      {
        "name": "IndustryKey",
        "type": "int",
        "nullable": false,
        "is_primary_key": true
      },
      {
        "name": "IndustryId",
        "type": "varchar",
        "nullable": false,
        "max_length": 20
      },
      {
        "name": "IndustrySector",
        "type": "varchar",
        "nullable": true,
        "max_length": 100
      },
      {
        "name": "IndustryGroup",
        "type": "varchar",
        "nullable": true,
        "max_length": 100
      },
      {
        "name": "IndustryName",
        "type": "varchar",
        "nullable": false,
        "max_length": 200
      },
      {
        "name": "SICCode",
        "type": "varchar",
        "nullable": true,
        "max_length": 10
      },
      {
        "name": "NAICSCode",
        "type": "varchar",
        "nullable": true,
        "max_length": 10
      },
      {
        "name": "RiskProfile",
        "type": "varchar",
        "nullable": true,
        "max_length": 50
      },
      {
        "name": "DefaultRate_Historical",
        "type": "decimal",
        "nullable": true
      },
      {
        "name": "RecoveryRate_Historical",
        "type": "decimal",
        "nullable": true
      },
      {
        "name": "IsRegulated",
        "type": "bit",
        "nullable": false,
        "default": "((0))"
      },
      {
        "name": "IsVolatile",
        "type": "bit",
        "nullable": false,
        "default": "((0))"
      },
      {
        "name": "CreatedDate",
        "type": "datetime2",
        "nullable": false,
        "default": "(getdate())"
      }
    ],
    "dim.DimInteractionChannel": [
      {
        "name": "ChannelKey",
        "type": "int",
        "nullable": false,
        "is_primary_key": true
      },
      {
        "name": "ChannelCode",
        "type": "varchar",
        "nullable": false,
        "max_length": 20
      },
      {
        "name": "ChannelName",
        "type": "varchar",
        "nullable": false,
        "max_length": 100
      },
      {
        "name": "IsFaceToFace",
        "type": "bit",
        "nullable": false,
        "default": "((0))"
      },
      {
        "name": "CreatedDate",
        "type": "datetime2",
        "nullable": false,
        "default": "(getdate())"
      }
    ],
    "dim.DimInteractionType": [
      {
        "name": "InteractionTypeKey",
        "type": "int",
        "nullable": false,
        "is_primary_key": true
      },
      {
        "name": "TypeCode",
        "type": "varchar",
        "nullable": false,
        "max_length": 20
      },
      {
        "name": "TypeName",
        "type": "varchar",
        "nullable": false,
        "max_length": 100
      },
      {
        "name": "Category",
        "type": "varchar",
        "nullable": true,
        "max_length": 100
      },
      {
        "name": "CreatedDate",
        "type": "datetime2",
        "nullable": false,
        "default": "(getdate())"
      }
    ],
    "dim.DimLoanProduct": [
      {
        "name": "ProductKey",
        "type": "int",
        "nullable": false,
        "is_primary_key": true
      },
      {
        "name": "ProductId",
        "type": "varchar",
        "nullable": false,
        "max_length": 20
      },
      {
        "name": "ProductName",
        "type": "varchar",
        "nullable": false,
        "max_length": 200
      },
      {
        "name": "ProductCategory",
        "type": "varchar",
        "nullable": true,
        "max_length": 100
      },
      {
        "name": "ProductType",
        "type": "varchar",
        "nullable": true,
        "max_length": 100
      },
      {
        "name": "ProductDescription",
        "type": "nvarchar",
        "nullable": true,
        "max_length": 500
      },
      {
        "name": "MinAmount",
        "type": "decimal",
        "nullable": true
      },
      {
        "name": "MaxAmount",
        "type": "decimal",
        "nullable": true
      },
      {
        "name": "MinTerm",
        "type": "int",
        "nullable": true
      },
      {
        "name": "MaxTerm",
        "type": "int",
        "nullable": true
      },
      {
        "name": "BaseRateType",
        "type": "varchar",
        "nullable": true,
        "max_length": 50
      },
      {
        "name": "ReferenceRateType",
        "type": "varchar",
        "nullable": true,
        "max_length": 50
      },
      {
        "name": "MarginBps",
        "type": "int",
        "nullable": true
      },
      {
        "name": "RequiresCollateral",
        "type": "bit",
        "nullable": false,
        "default": "((0))"
      },
      {
        "name": "RequiresPersonalGuarantee",
        "type": "bit",
        "nullable": false,
        "default": "((0))"
      },
      {
        "name": "AllowsPrepayment",
        "type": "bit",
        "nullable": false,
        "default": "((1))"
      },
      {
        "name": "PrepaymentPenaltyPercent",
        "type": "decimal",
        "nullable": true
      },
      {
        "name": "IsActive",
        "type": "bit",
        "nullable": false,
        "default": "((1))"
      },
      {
        "name": "CreatedDate",
        "type": "datetime2",
        "nullable": false,
        "default": "(getdate())"
      },
      {
        "name": "ModifiedDate",
        "type": "datetime2",
        "nullable": false,
        "default": "(getdate())"
      }
    ],
    "dim.DimLoanPurpose": [
      {
        "name": "PurposeKey",
        "type": "int",
        "nullable": false,
        "is_primary_key": true
      },
      {
        "name": "PurposeId",
        "type": "varchar",
        "nullable": false,
        "max_length": 20
      },
      {
        "name": "PurposeCategory",
        "type": "varchar",
        "nullable": true,
        "max_length": 100
      },
      {
        "name": "PurposeName",
        "type": "varchar",
        "nullable": false,
        "max_length": 200
      },
      {
        "name": "PurposeDescription",
        "type": "nvarchar",
        "nullable": true,
        "max_length": 500
      },
      {
        "name": "RiskWeight",
        "type": "decimal",
        "nullable": true
      },
      {
        "name": "CreatedDate",
        "type": "datetime2",
        "nullable": false,
        "default": "(getdate())"
      }
    ],
    "dim.DimPaymentMethod": [
      {
        "name": "PaymentMethodKey",
        "type": "int",
        "nullable": false,
        "is_primary_key": true
      },
      {
        "name": "MethodCode",
        "type": "varchar",
        "nullable": false,
        "max_length": 20
      },
      {
        "name": "MethodName",
        "type": "varchar",
        "nullable": false,
        "max_length": 100
      },
      {
        "name": "MethodDescription",
        "type": "nvarchar",
        "nullable": true,
        "max_length": 500
      },
      {
        "name": "ProcessingFee",
        "type": "decimal",
        "nullable": true
      },
      {
        "name": "ProcessingDays",
        "type": "int",
        "nullable": true
      },
      {
        "name": "IsElectronic",
        "type": "bit",
        "nullable": false,
        "default": "((0))"
      },
      {
        "name": "CreatedDate",
        "type": "datetime2",
        "nullable": false,
        "default": "(getdate())"
      }
    ],
    "dim.DimPaymentType": [
      {
        "name": "PaymentTypeKey",
        "type": "int",
        "nullable": false,
        "is_primary_key": true
      },
      {
        "name": "TypeCode",
        "type": "varchar",
        "nullable": false,
        "max_length": 20
      },
      {
        "name": "TypeName",
        "type": "varchar",
        "nullable": false,
        "max_length": 100
      },
      {
        "name": "TypeDescription",
        "type": "nvarchar",
        "nullable": true,
        "max_length": 500
      },
      {
        "name": "CreatedDate",
        "type": "datetime2",
        "nullable": false,
        "default": "(getdate())"
      }
    ],
    "dim.DimRiskRating": [
      {
        "name": "RiskRatingKey",
        "type": "int",
        "nullable": false,
        "is_primary_key": true
      },
      {
        "name": "RiskRatingCode",
        "type": "varchar",
        "nullable": false,
        "max_length": 10
      },
      {
        "name": "RiskRatingName",
        "type": "varchar",
        "nullable": false,
        "max_length": 100
      },
      {
        "name": "RiskCategory",
        "type": "varchar",
        "nullable": true,
        "max_length": 50
      },
      {
        "name": "NumericScore",
        "type": "int",
        "nullable": true
      },
      {
        "name": "PD_Probability",
        "type": "decimal",
        "nullable": true
      },
      {
        "name": "LGD_Probability",
        "type": "decimal",
        "nullable": true
      },
      {
        "name": "RequiredProvision_Percent",
        "type": "decimal",
        "nullable": true
      },
      {
        "name": "CreatedDate",
        "type": "datetime2",
        "nullable": false,
        "default": "(getdate())"
      }
    ],
    "dim.DimStatementType": [
      {
        "name": "StatementTypeKey",
        "type": "int",
        "nullable": false,
        "is_primary_key": true
      },
      {
        "name": "TypeCode",
        "type": "varchar",
        "nullable": false,
        "max_length": 20
      },
      {
        "name": "TypeName",
        "type": "varchar",
        "nullable": false,
        "max_length": 100
      },
      {
        "name": "PeriodMonths",
        "type": "int",
        "nullable": true
      },
      {
        "name": "IsAudited",
        "type": "bit",
        "nullable": false,
        "default": "((0))"
      },
      {
        "name": "CreatedDate",
        "type": "datetime2",
        "nullable": false,
        "default": "(getdate())"
      }
    ],
    "fact.FACT_COVENANT_TEST": [
      {
        "name": "CovenantTestKey",
        "type": "int",
        "nullable": false,
        "is_primary_key": true
      },
      {
        "name": "LoanKey",
        "type": "int",
        "nullable": false
      },
      {
        "name": "TestDateKey",
        "type": "int",
        "nullable": false
      },
      {
        "name": "CovenantTypeKey",
        "type": "int",
        "nullable": false
      },
      {
        "name": "ThresholdValue",
        "type": "decimal",
        "nullable": true
      },
      {
        "name": "ActualValue",
        "type": "decimal",
        "nullable": true
      },
      {
        "name": "PassFailStatus",
        "type": "varchar",
        "nullable": false,
        "max_length": 20
      },
      {
        "name": "ViolationSeverity",
        "type": "varchar",
        "nullable": true,
        "max_length": 50
      },
      {
        "name": "DaysSinceViolation",
        "type": "int",
        "nullable": true
      },
      {
        "name": "ActionRequired",
        "type": "varchar",
        "nullable": true,
        "max_length": 50
      },
      {
        "name": "ActionTaken",
        "type": "varchar",
        "nullable": true,
        "max_length": 200
      },
      {
        "name": "WaiverGranted",
        "type": "bit",
        "nullable": false,
        "default": "((0))"
      },
      {
        "name": "CreatedDate",
        "type": "datetime2",
        "nullable": false,
        "default": "(getdate())"
      }
    ],
    "fact.FACT_CUSTOMER_FINANCIALS": [
      {
        "name": "FinancialKey",
        "type": "int",
        "nullable": false,
        "is_primary_key": true
      },
      {
        "name": "CustomerKey",
        "type": "int",
        "nullable": false
      },
      {
        "name": "StatementDateKey",
        "type": "int",
        "nullable": false
      },
      {
        "name": "StatementTypeKey",
        "type": "int",
        "nullable": false
      },
      {
        "name": "Revenue",
        "type": "decimal",
        "nullable": true
      },
      {
        "name": "COGS",
        "type": "decimal",
        "nullable": true
      },
      {
        "name": "GrossProfit",
        "type": "decimal",
        "nullable": true
      },
      {
        "name": "OperatingExpenses",
        "type": "decimal",
        "nullable": true
      },
      {
        "name": "EBITDA",
        "type": "decimal",
        "nullable": true
      },
      {
        "name": "EBIT",
        "type": "decimal",
        "nullable": true
      },
      {
        "name": "InterestExpense",
        "type": "decimal",
        "nullable": true
      },
      {
        "name": "NetIncome",
        "type": "decimal",
        "nullable": true
      },
      {
        "name": "TotalAssets",
        "type": "decimal",
        "nullable": true
      },
      {
        "name": "CurrentAssets",
        "type": "decimal",
        "nullable": true
      },
      {
        "name": "FixedAssets",
        "type": "decimal",
        "nullable": true
      },
      {
        "name": "TotalLiabilities",
        "type": "decimal",
        "nullable": true
      },
      {
        "name": "CurrentLiabilities",
        "type": "decimal",
        "nullable": true
      },
      {
        "name": "LongTermDebt",
        "type": "decimal",
        "nullable": true
      },
      {
        "name": "TotalEquity",
        "type": "decimal",
        "nullable": true
      },
      {
        "name": "OperatingCashFlow",
        "type": "decimal",
        "nullable": true
      },
      {
        "name": "InvestingCashFlow",
        "type": "decimal",
        "nullable": true
      },
      {
        "name": "FinancingCashFlow",
        "type": "decimal",
        "nullable": true
      },
      {
        "name": "CurrentRatio",
        "type": "decimal",
        "nullable": true
      },
      {
        "name": "QuickRatio",
        "type": "decimal",
        "nullable": true
      },
      {
        "name": "DebtToEquityRatio",
        "type": "decimal",
        "nullable": true
      },
      {
        "name": "DebtServiceCoverageRatio",
        "type": "decimal",
        "nullable": true
      },
      {
        "name": "ROA",
        "type": "decimal",
        "nullable": true
      },
      {
        "name": "ROE",
        "type": "decimal",
        "nullable": true
      },
      {
        "name": "GrossMargin",
        "type": "decimal",
        "nullable": true
      },
      {
        "name": "NetMargin",
        "type": "decimal",
        "nullable": true
      },
      {
        "name": "CreatedDate",
        "type": "datetime2",
        "nullable": false,
        "default": "(getdate())"
      }
    ],
    "fact.FACT_CUSTOMER_INTERACTION": [
      {
        "name": "InteractionKey",
        "type": "bigint",
        "nullable": false,
        "is_primary_key": true
      },
      {
        "name": "InteractionId",
        "type": "varchar",
        "nullable": false,
        "max_length": 50
      },
      {
        "name": "CustomerKey",
        "type": "int",
        "nullable": false
      },
      {
        "name": "InteractionDateKey",
        "type": "int",
        "nullable": false
      },
      {
        "name": "InteractionTypeKey",
        "type": "int",
        "nullable": false
      },
      {
        "name": "InteractionChannelKey",
        "type": "int",
        "nullable": false
      },
      {
        "name": "Subject",
        "type": "nvarchar",
        "nullable": true,
        "max_length": 500
      },
      {
        "name": "Notes",
        "type": "nvarchar",
        "nullable": true,
        "max_length": -1
      },
      {
        "name": "Duration_Minutes",
        "type": "int",
        "nullable": true
      },
      {
        "name": "Outcome",
        "type": "varchar",
        "nullable": true,
        "max_length": 100
      },
      {
        "name": "RelatedLoanKey",
        "type": "int",
        "nullable": true
      },
      {
        "name": "RelatedApplicationKey",
        "type": "int",
        "nullable": true
      },
      {
        "name": "RequiresFollowUp",
        "type": "bit",
        "nullable": false,
        "default": "((0))"
      },
      {
        "name": "FollowUpDateKey",
        "type": "int",
        "nullable": true
      },
      {
        "name": "CreatedDate",
        "type": "datetime2",
        "nullable": false,
        "default": "(getdate())"
      },
      {
        "name": "ModifiedDate",
        "type": "datetime2",
        "nullable": false,
        "default": "(getdate())"
      }
    ],
    "fact.FACT_LOAN_APPLICATION": [
      {
        "name": "ApplicationKey",
        "type": "int",
        "nullable": false,
        "is_primary_key": true
      },
      {
        "name": "ApplicationId",
        "type": "varchar",
        "nullable": false,
        "max_length": 50
      },
      {
        "name": "CustomerKey",
        "type": "int",
        "nullable": false
      },
      {
        "name": "ApplicationDateKey",
        "type": "int",
        "nullable": false
      },
      {
        "name": "DecisionDateKey",
        "type": "int",
        "nullable": true
      },
      {
        "name": "ProductKey",
        "type": "int",
        "nullable": false
      },
      {
        "name": "PurposeKey",
        "type": "int",
        "nullable": true
      },
      {
        "name": "ApplicationStatusKey",
        "type": "int",
        "nullable": false
      },
      {
        "name": "RequestedAmount",
        "type": "decimal",
        "nullable": false
      },
      {
        "name": "ApprovedAmount",
        "type": "decimal",
        "nullable": true
      },
      {
        "name": "RequestedTerm",
        "type": "int",
        "nullable": false
      },
      {
        "name": "ApprovedTerm",
        "type": "int",
        "nullable": true
      },
      {
        "name": "CreditScoreAtApplication",
        "type": "int",
        "nullable": true
      },
      {
        "name": "DebtToIncomeRatio",
        "type": "decimal",
        "nullable": true
      },
      {
        "name": "AnnualRevenue",
        "type": "decimal",
        "nullable": true
      },
      {
        "name": "InternalRiskScore",
        "type": "int",
        "nullable": true
      },
      {
        "name": "DecisionCode",
        "type": "varchar",
        "nullable": true,
        "max_length": 20
      },
      {
        "name": "DecisionReason",
        "type": "nvarchar",
        "nullable": true,
        "max_length": 500
      },
      {
        "name": "ReviewDuration_Days",
        "type": "int",
        "nullable": true
      },
      {
        "name": "OriginatedLoanKey",
        "type": "int",
        "nullable": true
      },
      {
        "name": "IsApproved",
        "type": "bit",
        "nullable": false,
        "default": "((0))"
      },
      {
        "name": "IsConverted",
        "type": "bit",
        "nullable": false,
        "default": "((0))"
      },
      {
        "name": "CreatedDate",
        "type": "datetime2",
        "nullable": false,
        "default": "(getdate())"
      },
      {
        "name": "ModifiedDate",
        "type": "datetime2",
        "nullable": false,
        "default": "(getdate())"
      }
    ],
    "fact.FACT_LOAN_BALANCE_DAILY": [
      {
        "name": "BalanceKey",
        "type": "bigint",
        "nullable": false,
        "is_primary_key": true
      },
      {
        "name": "LoanKey",
        "type": "int",
        "nullable": false
      },
      {
        "name": "SnapshotDateKey",
        "type": "int",
        "nullable": false
      },
      {
        "name": "DelinquencyStatusKey",
        "type": "int",
        "nullable": false
      },
      {
        "name": "PrincipalBalance",
        "type": "decimal",
        "nullable": false
      },
      {
        "name": "InterestBalance",
        "type": "decimal",
        "nullable": false,
        "default": "((0))"
      },
      {
        "name": "FeesBalance",
        "type": "decimal",
        "nullable": false,
        "default": "((0))"
      },
      {
        "name": "TotalBalance",
        "type": "decimal",
        "nullable": false
      },
      {
        "name": "AccruedInterest",
        "type": "decimal",
        "nullable": false,
        "default": "((0))"
      },
      {
        "name": "DaysDelinquent",
        "type": "int",
        "nullable": false,
        "default": "((0))"
      },
      {
        "name": "DelinquentAmount",
        "type": "decimal",
        "nullable": false,
        "default": "((0))"
      },
      {
        "name": "Allowance",
        "type": "decimal",
        "nullable": false,
        "default": "((0))"
      },
      {
        "name": "CreatedDate",
        "type": "datetime2",
        "nullable": false,
        "default": "(getdate())"
      }
    ],
    "fact.FACT_LOAN_ORIGINATION": [
      {
        "name": "LoanKey",
        "type": "int",
        "nullable": false,
        "is_primary_key": true
      },
      {
        "name": "LoanId",
        "type": "varchar",
        "nullable": false,
        "max_length": 50
      },
      {
        "name": "CustomerKey",
        "type": "int",
        "nullable": false
      },
      {
        "name": "OriginationDateKey",
        "type": "int",
        "nullable": false
      },
      {
        "name": "MaturityDateKey",
        "type": "int",
        "nullable": true
      },
      {
        "name": "FirstPaymentDateKey",
        "type": "int",
        "nullable": true
      },
      {
        "name": "ProductKey",
        "type": "int",
        "nullable": false
      },
      {
        "name": "PurposeKey",
        "type": "int",
        "nullable": true
      },
      {
        "name": "DelinquencyStatusKey",
        "type": "int",
        "nullable": false
      },
      {
        "name": "OriginalAmount",
        "type": "decimal",
        "nullable": false
      },
      {
        "name": "FundedAmount",
        "type": "decimal",
        "nullable": false
      },
      {
        "name": "CurrentBalance",
        "type": "decimal",
        "nullable": false
      },
      {
        "name": "PrincipalPaid",
        "type": "decimal",
        "nullable": false,
        "default": "((0))"
      },
      {
        "name": "InterestPaid",
        "type": "decimal",
        "nullable": false,
        "default": "((0))"
      },
      {
        "name": "TermMonths",
        "type": "int",
        "nullable": false
      },
      {
        "name": "RemainingTermMonths",
        "type": "int",
        "nullable": false
      },
      {
        "name": "InterestRate",
        "type": "decimal",
        "nullable": false
      },
      {
        "name": "RateType",
        "type": "varchar",
        "nullable": true,
        "max_length": 20
      },
      {
        "name": "ReferenceRate",
        "type": "varchar",
        "nullable": true,
        "max_length": 50
      },
      {
        "name": "Margin",
        "type": "decimal",
        "nullable": true
      },
      {
        "name": "APR",
        "type": "decimal",
        "nullable": true
      },
      {
        "name": "OriginationFee",
        "type": "decimal",
        "nullable": true,
        "default": "((0))"
      },
      {
        "name": "ProcessingFee",
        "type": "decimal",
        "nullable": true,
        "default": "((0))"
      },
      {
        "name": "OtherFees",
        "type": "decimal",
        "nullable": true,
        "default": "((0))"
      },
      {
        "name": "TotalFeesCollected",
        "type": "decimal",
        "nullable": false,
        "default": "((0))"
      },
      {
        "name": "CollateralValue",
        "type": "decimal",
        "nullable": true
      },
      {
        "name": "LTV",
        "type": "decimal",
        "nullable": true
      },
      {
        "name": "DaysDelinquent",
        "type": "int",
        "nullable": false,
        "default": "((0))"
      },
      {
        "name": "PaymentsMade",
        "type": "int",
        "nullable": false,
        "default": "((0))"
      },
      {
        "name": "PaymentsScheduled",
        "type": "int",
        "nullable": false,
        "default": "((0))"
      },
      {
        "name": "MissedPayments",
        "type": "int",
        "nullable": false,
        "default": "((0))"
      },
      {
        "name": "LatePayments",
        "type": "int",
        "nullable": false,
        "default": "((0))"
      },
      {
        "name": "NPV",
        "type": "decimal",
        "nullable": true
      },
      {
        "name": "IRR",
        "type": "decimal",
        "nullable": true
      },
      {
        "name": "ROE",
        "type": "decimal",
        "nullable": true
      },
      {
        "name": "Yield",
        "type": "decimal",
        "nullable": true
      },
      {
        "name": "IsActive",
        "type": "bit",
        "nullable": false,
        "default": "((1))"
      },
      {
        "name": "IsPaidOff",
        "type": "bit",
        "nullable": false,
        "default": "((0))"
      },
      {
        "name": "IsChargedOff",
        "type": "bit",
        "nullable": false,
        "default": "((0))"
      },
      {
        "name": "IsRestructured",
        "type": "bit",
        "nullable": false,
        "default": "((0))"
      },
      {
        "name": "HasPersonalGuarantee",
        "type": "bit",
        "nullable": false,
        "default": "((0))"
      },
      {
        "name": "CreatedDate",
        "type": "datetime2",
        "nullable": false,
        "default": "(getdate())"
      },
      {
        "name": "ModifiedDate",
        "type": "datetime2",
        "nullable": false,
        "default": "(getdate())"
      }
    ],
    "fact.FACT_PAYMENT_TRANSACTION": [
      {
        "name": "PaymentKey",
        "type": "bigint",
        "nullable": false,
        "is_primary_key": true
      },
      {
        "name": "PaymentId",
        "type": "varchar",
        "nullable": false,
        "max_length": 50
      },
      {
        "name": "LoanKey",
        "type": "int",
        "nullable": false
      },
      {
        "name": "PaymentDateKey",
        "type": "int",
        "nullable": false
      },
      {
        "name": "ScheduledDateKey",
        "type": "int",
        "nullable": true
      },
      {
        "name": "PaymentMethodKey",
        "type": "int",
        "nullable": false
      },
      {
        "name": "PaymentTypeKey",
        "type": "int",
        "nullable": false
      },
      {
        "name": "TotalPaymentAmount",
        "type": "decimal",
        "nullable": false
      },
      {
        "name": "PrincipalAmount",
        "type": "decimal",
        "nullable": false,
        "default": "((0))"
      },
      {
        "name": "InterestAmount",
        "type": "decimal",
        "nullable": false,
        "default": "((0))"
      },
      {
        "name": "FeesAmount",
        "type": "decimal",
        "nullable": false,
        "default": "((0))"
      },
      {
        "name": "PenaltyAmount",
        "type": "decimal",
        "nullable": false,
        "default": "((0))"
      },
      {
        "name": "ScheduledAmount",
        "type": "decimal",
        "nullable": true
      },
      {
        "name": "PaymentNumber",
        "type": "int",
        "nullable": true
      },
      {
        "name": "DaysLate",
        "type": "int",
        "nullable": false,
        "default": "((0))"
      },
      {
        "name": "IsEarlyPayment",
        "type": "bit",
        "nullable": false,
        "default": "((0))"
      },
      {
        "name": "IsLatePayment",
        "type": "bit",
        "nullable": false,
        "default": "((0))"
      },
      {
        "name": "IsPrepayment",
        "type": "bit",
        "nullable": false,
        "default": "((0))"
      },
      {
        "name": "IsReversed",
        "type": "bit",
        "nullable": false,
        "default": "((0))"
      },
      {
        "name": "CreatedDate",
        "type": "datetime2",
        "nullable": false,
        "default": "(getdate())"
      },
      {
        "name": "ModifiedDate",
        "type": "datetime2",
        "nullable": false,
        "default": "(getdate())"
      }
    ]
  },
  "relationships": [],
  "views": {},
  "timestamp": 1760103728.813138
}